id,fullName,id_agency,id_position
1,Alea Osborn,1,1
2,Tanner Whitfield,2,2
3,Giacomo Barton,3,3
4,Kyra Porter,4,4
5,Ivana Mcclure,5,5
6,Pearl Hines,6,6
7,Vaughan Vasquez,7,7
8,Wanda Bender,8,8
9,Pascale Stanley,9,9
10,Ali Hewitt,10,10
11,Bianca David,11,11
12,Nicholas Beck,12,12
13,Basil Stephenson,13,13
14,Ferdinand Hale,14,14
15,Hedy Saunders,15,15
16,Holly Luna,16,16
17,Castor Curtis,17,17
18,Alyssa Ball,18,18
19,Wang Pitts,19,19
20,Melvin Poole,20,20
21,Geraldine Whitehead,21,21
22,Althea Johnston,22,22
23,Brynne Deleon,23,23
24,Tobias Ross,24,24
25,Jenette Ramos,25,25
